border_11,0,BORDER,border_11,border_11
GU_6b,40048,CTX,GU,GU_d
GU_6a,40049,CTX,GU,GU_d
GU_5,40050,CTX,GU,GU_d
GU_4,40051,CTX,GU,GU_d
GU_2/3,40052,CTX,GU,GU_s
GU_1,40053,CTX,GU,GU_s
PTLp_6b,40871,CTX,PTLp,PTLp_d
PTLp_6a,40872,CTX,PTLp,PTLp_d
PTLp_5,40873,CTX,PTLp,PTLp_d
PTLp_4,40874,CTX,PTLp,PTLp_d
PTLp_2/3,40875,CTX,PTLp,PTLp_s
PTLp_1,40876,CTX,PTLp,PTLp_s
AUDd_6b,102804,CTX,AUDd,AUDd_d
AUDd_6a,102805,CTX,AUDd,AUDd_d
AUDd_5,102806,CTX,AUDd,AUDd_d
AUDd_4,102807,CTX,AUDd,AUDd_d
AUDd_2/3,102808,CTX,AUDd,AUDd_s
AUDd_1,102809,CTX,AUDd,AUDd_s
AUDp_6b,103060,CTX,AUDp,AUDp_d
AUDp_6a,103061,CTX,AUDp,AUDp_d
AUDp_5,103062,CTX,AUDp,AUDp_d
AUDp_4,103063,CTX,AUDp,AUDp_d
AUDp_2/3,103064,CTX,AUDp,AUDp_s
AUDp_1,103065,CTX,AUDp,AUDp_s
AUDv_6b,103316,CTX,AUDv,AUDv_d
AUDv_6a,103317,CTX,AUDv,AUDv_d
AUDv_5,103318,CTX,AUDv,AUDv_d
AUDv_4,103319,CTX,AUDv,AUDv_d
AUDv_2/3,103320,CTX,AUDv,AUDv_s
AUDv_1,103321,CTX,AUDv,AUDv_s
AUDpo_6b,103572,CTX,AUDpo,AUDpo_d
AUDPo_6a,103573,CTX,AUDPo,AUDPo_d
AUDPo_5,103574,CTX,AUDPo,AUDPo_d
AUDPo_4,103575,CTX,AUDPo,AUDPo_d
AUDPo_2/3,103576,CTX,AUDPo,AUDPo_s
AUDPo_1,103577,CTX,AUDPo,AUDPo_s
VISpl_6b,557191,CTX,VISpl,VISpl_d
VISpl_6a,557192,CTX,VISpl,VISpl_d
VISpl_5,557193,CTX,VISpl,VISpl_d
VISpl_4,557194,CTX,VISpl,VISpl_d
VISpl_2/3,557195,CTX,VISpl,VISpl_s
VISpl_1,557196,CTX,VISpl,VISpl_s
VISl_6b,557447,CTX,VISl,VISl_d
VISl_6a,557448,CTX,VISl,VISl_d
VISl_5,557449,CTX,VISl,VISl_d
VISl_4,557450,CTX,VISl,VISl_d
VISl_2/3,557451,CTX,VISl,VISl_s
VISl_1,557452,CTX,VISl,VISl_s
VISpm_6b,557703,CTX,VISpm,VISpm_d
VISpm_6a,557704,CTX,VISpm,VISpm_d
VISpm_5,557705,CTX,VISpm,VISpm_d
VISpm_4,557706,CTX,VISpm,VISpm_d
VISpm_2/3,557707,CTX,VISpm,VISpm_s
VISpm_1,557708,CTX,VISpm,VISpm_s
VISal_6b,557959,CTX,VISal,VISal_d
VISal_6a,557960,CTX,VISal,VISal_d
VISal_5,557961,CTX,VISal,VISal_d
VISal_4,557962,CTX,VISal,VISal_d
VISal_2/3,557963,CTX,VISal,VISal_s
VISal_1,557964,CTX,VISal,VISal_s
VISp_6b,558215,CTX,VISp,VISp_d
VISp_6a,558216,CTX,VISp,VISp_d
VISp_5,558217,CTX,VISp,VISp_d
VISp_4,558218,CTX,VISp,VISp_d
VISp_2/3,558219,CTX,VISp,VISp_s
VISp_1,558220,CTX,VISp,VISp_s
VISam_6b,558471,CTX,VISam,VISam_d
VISam_6a,558472,CTX,VISam,VISam_d
VISam_5,558473,CTX,VISam,VISam_d
VISam_4,558474,CTX,VISam,VISam_d
VISam_2/3,558475,CTX,VISam,VISam_s
VISam_1,558476,CTX,VISam,VISam_s
ECT_6b,892813,CTX,ECT,ECT_d
ECT_6a,892814,CTX,ECT,ECT_d
ECT_5,892815,CTX,ECT,ECT_d
ECT_2/3,892816,CTX,ECT,ECT_s
ECT_1,892817,CTX,ECT,ECT_s
PERI_6b,956032,CTX,PERI,PERI_d
PERI_6a,956033,CTX,PERI,PERI_d
PERI_5,956034,CTX,PERI,PERI_d
PERI_2/3,956035,CTX,PERI,PERI_s
PERI_1,956036,CTX,PERI,PERI_s
VISC_6b,1158526,CTX,VISC,VISC_d
VISC_6a,1158527,CTX,VISC,VISC_d
VISC_5,1158528,CTX,VISC,VISC_d
VISC_4,1158529,CTX,VISC,VISC_d
VISC_2/3,1158530,CTX,VISC,VISC_s
VISC_1,1158531,CTX,VISC,VISC_s
TEa_6b,1421486,CTX,TEa,TEa_d
TEa_6a,1421487,CTX,TEa,TEa_d
TEa_5,1421488,CTX,TEa,TEa_d
TEa_4,1421489,CTX,TEa,TEa_d
TEa_2/3,1421490,CTX,TEa,TEa_s
TEa_1,1421491,CTX,TEa,TEa_s
SSp_tr_6b,1601887,CTX,SSp_tr,SSp_tr_d
SSp_tr_6a,1601888,CTX,SSp_tr,SSp_tr_d
SSp_tr_5,1601889,CTX,SSp_tr,SSp_tr_d
SSp_tr_4,1601890,CTX,SSp_tr,SSp_tr_d
SSp_tr_2/3,1601891,CTX,SSp_tr,SSp_tr_s
SSp_tr_1,1601892,CTX,SSp_tr,SSp_tr_s
SSp_bfd_6b,1602143,CTX,SSp_bfd,SSp_bfd_d
SSp_bfd_6a,1602144,CTX,SSp_bfd,SSp_bfd_d
SSp_bfd_5,1602145,CTX,SSp_bfd,SSp_bfd_d
SSp_bfd_4,1602146,CTX,SSp_bfd,SSp_bfd_d
SSp_bfd_2/3,1602147,CTX,SSp_bfd,SSp_bfd_s
SSp_bfd_1,1602148,CTX,SSp_bfd,SSp_bfd_s
SSp_n_6b,1602399,CTX,SSp_n,SSp_n_d
SSp_n_6a,1602400,CTX,SSp_n,SSp_n_d
SSp_n_5,1602401,CTX,SSp_n,SSp_n_d
SSp_n_4,1602402,CTX,SSp_n,SSp_n_d
SSp_n_2/3,1602403,CTX,SSp_n,SSp_n_s
SSp_n_1,1602404,CTX,SSp_n,SSp_n_s
SSp_m_6b,1602655,CTX,SSp_m,SSp_m_d
SSp_m_6a,1602656,CTX,SSp_m,SSp_m_d
SSp_m_5,1602657,CTX,SSp_m,SSp_m_d
SSp_m_4,1602658,CTX,SSp_m,SSp_m_d
SSp_m_2/3,1602659,CTX,SSp_m,SSp_m_s
SSp_m_1,1602660,CTX,SSp_m,SSp_m_s
SSp_ul_6b,1602911,CTX,SSp_ul,SSp_ul_d
SSp_ul_6a,1602912,CTX,SSp_ul,SSp_ul_d
SSp_ul_5,1602913,CTX,SSp_ul,SSp_ul_d
SSp_ul_4,1602914,CTX,SSp_ul,SSp_ul_d
SSp_ul_2/3,1602915,CTX,SSp_ul,SSp_ul_s
SSp_ul_1,1602916,CTX,SSp_ul,SSp_ul_s
SSp_ll_6b,1603167,CTX,SSp_ll,SSp_ll_d
SSp_ll_6a,1603168,CTX,SSp_ll,SSp_ll_d
SSp_ll_5,1603169,CTX,SSp_ll,SSp_ll_d
SSp_ll_4,1603170,CTX,SSp_ll,SSp_ll_d
SSp_ll_2/3,1603171,CTX,SSp_ll,SSp_ll_s
SSp_ll_1,1603172,CTX,SSp_ll,SSp_ll_s
SSp-un_6b,1603423,CTX,SSp-un,SSp-un_d
SSp-un_6a,1603424,CTX,SSp-un,SSp-un_d
SSp-un_5,1603425,CTX,SSp-un,SSp-un_d
SSp-un_4,1603426,CTX,SSp-un,SSp-un_d
SSp-un_2/3,1603427,CTX,SSp-un,SSp-un_s
SSp-un_1,1603428,CTX,SSp-un,SSp-un_s
SSs_6b,1605471,CTX,SSs,SSs_d
SSs_6a,1605472,CTX,SSs,SSs_d
SSs_5,1605473,CTX,SSs,SSs_d
SSs_4,1605474,CTX,SSs,SSs_d
SSs_2/3,1605475,CTX,SSs,SSs_s
SSs_1,1605476,CTX,SSs,SSs_s
SSp_6b,1605727,CTX,SSp,SSp_d
SSp_6a,1605728,CTX,SSp,SSp_d
SSp_5,1605729,CTX,SSp,SSp_d
SSp_4,1605730,CTX,SSp,SSp_d
SSp_2/3,1605731,CTX,SSp,SSp_s
SSp_1,1605732,CTX,SSp,SSp_s
RSPv_6b,1746323,CTX,RSPv,RSPv_d
RSPv_6a,1746324,CTX,RSPv,RSPv_d
RSPv_5,1746325,CTX,RSPv,RSPv_d
RSPv_2/3,1746326,CTX,RSPv,RSPv_s
RSPv_2,1746327,CTX,RSPv,RSPv_s
RSPv_1,1746328,CTX,RSPv,RSPv_s
RSPd_6b,1746580,CTX,RSPd,RSPd_d
RSPd_6a,1746581,CTX,RSPd,RSPd_d
RSPd_5,1746582,CTX,RSPd,RSPd_d
RSPd_2/3,1746583,CTX,RSPd,RSPd_s
RSPd_1,1746584,CTX,RSPd,RSPd_s
RSPagl_6b,1746836,CTX,RSPagl,RSPagl_d
RSPagl_6a,1746837,CTX,RSPagl,RSPagl_d
RSPagl_5,1746838,CTX,RSPagl,RSPagl_d
RSPagl_2/3,1746839,CTX,RSPagl,RSPagl_s
RSPagl_1,1746840,CTX,RSPagl,RSPagl_s
MOs_6b,2071637,CTX,MOs,MOs_d
MOs_6a,2071638,CTX,MOs,MOs_d
MOs_6,2071639,CTX,MOs,MOs_d
MOs_5,2071640,CTX,MOs,MOs_d
MOs_2/3,2071641,CTX,MOs,MOs_s
MOs_1,2071642,CTX,MOs,MOs_s
MOp_6b,2071893,CTX,MOp,MOp_d
MOp_6a,2071894,CTX,MOp,MOp_d
MOp_6,2071895,CTX,MOp,MOp_d
MOp_5,2071896,CTX,MOp,MOp_d
MOp_2/3,2071897,CTX,MOp,MOp_s
MOp_1,2071898,CTX,MOp,MOp_s
AIp_6b,2201186,CTX,AIp,AIp_d
AIp_6a,2201187,CTX,AIp,AIp_d
AIp_5,2201188,CTX,AIp,AIp_d
AIp_2/3,2201189,CTX,AIp,AIp_s
AIp_1,2201190,CTX,AIp,AIp_s
AIv_6b,2201442,CTX,AIv,AIv_d
AIv_6a,2201443,CTX,AIv,AIv_d
AIv_5,2201444,CTX,AIv,AIv_d
AIv_2/3,2201445,CTX,AIv,AIv_s
AIv_1,2201446,CTX,AIv,AIv_s
Ald_6b,2201697,CTX,Ald,Ald_d
AId_6a,2201698,CTX,AId,AId_d
AId_6,2201699,CTX,AId,AId_d
AId_5,2201700,CTX,AId,AId_d
AId_2/3,2201701,CTX,AId,AId_s
AId_1,2201702,CTX,AId,AId_s
ORBm_6,2394202,CTX,ORBm,ORBm_d
ORBm_6a,2394203,CTX,ORBm,ORBm_d
ORBm_5,2394204,CTX,ORBm,ORBm_d
ORBm_2/3,2394205,CTX,ORBm,ORBm_s
ORBm_3,2394206,CTX,ORBm,ORBm_s
ORBm_2,2394207,CTX,ORBm,ORBm_s
ORBm_1,2394208,CTX,ORBm,ORBm_s
ORBvl_6b,2394457,CTX,ORBvl,ORBvl_d
ORBvl_6,2394458,CTX,ORBvl,ORBvl_d
ORBvl_6a,2394459,CTX,ORBvl,ORBvl_d
ORBvl_5,2394460,CTX,ORBvl,ORBvl_d
ORBvl_2/3,2394461,CTX,ORBvl,ORBvl_s
ORBvl_1,2394462,CTX,ORBvl,ORBvl_s
ORBl_6b,2394713,CTX,ORBl,ORBl_d
ORBl_6,2394714,CTX,ORBl,ORBl_d
ORBl_6a,2394715,CTX,ORBl,ORBl_d
ORBl_5,2394716,CTX,ORBl,ORBl_d
ORBl_2/3,2394717,CTX,ORBl,ORBl_s
ORBl_1,2394718,CTX,ORBl,ORBl_s
FRP_2/3,2527044,CTX,FRP,FRP_s
FRP_1,2527045,CTX,FRP,FRP_s
PL_6,3123274,CTX,PL,PL_d
PL_6b,3123275,CTX,PL,PL_d
PL_6a,3123276,CTX,PL,PL_d
PL_5,3123277,CTX,PL,PL_d
PL_3,3123278,CTX,PL,PL_s
PL_2/3,3123279,CTX,PL,PL_s
PL_2,3123280,CTX,PL,PL_s
PL_1,3123281,CTX,PL,PL_s
ENTm_6,3323424,CTX,ENTm,ENTm_d
ENTm_5,3323425,CTX,ENTm,ENTm_d
ENTm_4,3323426,CTX,ENTm,ENTm_d
ENTm_3,3323427,CTX,ENTm,ENTm_s
ENTm_2b,3323428,CTX,ENTm,ENTm_s
ENTm_2a,3323429,CTX,ENTm,ENTm_s
ENTm_2,3323430,CTX,ENTm,ENTm_s
ENTm_1,3323431,CTX,ENTm,ENTm_s
ENTmv_5/6,3323682,CTX,ENTmv,ENTmv_d
ENTmv_3,3323683,CTX,ENTmv,ENTmv_s
ENTmv_2,3323684,CTX,ENTmv,ENTmv_s
ENTmv_1,3323685,CTX,ENTmv,ENTmv_s
ENTl_6,3323931,CTX,ENTl,ENTl_d
ENTl_6b,3323932,CTX,ENTl,ENTl_d
ENTl_6a,3323933,CTX,ENTl,ENTl_d
ENTl_5,3323934,CTX,ENTl,ENTl_d
ENTl_4/5,3323935,CTX,ENTl,ENTl_d
ENTl_4,3323936,CTX,ENTl,ENTl_d
ENTl_2/3,3323937,CTX,ENTl,ENTl_s
ENTl_3,3323938,CTX,ENTl,ENTl_s
ENTl_2b,3323939,CTX,ENTl,ENTl_s
ENTl_2a,3323940,CTX,ENTl,ENTl_s
ENTl_2,3323941,CTX,ENTl,ENTl_s
ENTl_1,3323942,CTX,ENTl,ENTl_s
ACAv_6b,4236642,CTX,ACAv,ACAv_d
ACAv_6a,4236643,CTX,ACAv,ACAv_d
ACAv_5,4236644,CTX,ACAv,ACAv_d
ACAv_2/3,4236645,CTX,ACAv,ACAv_s
ACAv_1,4236646,CTX,ACAv,ACAv_s
ACAd_6b,4236897,CTX,ACAd,ACAd_d
ACAd_6a,4236898,CTX,ACAd,ACAd_d
ACAd_6,4236899,CTX,ACAd,ACAd_d
ACAd_5,4236900,CTX,ACAd,ACAd_d
ACAd_2/3,4236901,CTX,ACAd,ACAd_s
ACAd_1,4236902,CTX,ACAd,ACAd_s
POST_3,4769852,HPF,POST,POST_3
POST_2,4769853,HPF,POST,POST_2
POST_1,4769854,HPF,POST,POST_1
SUBd_m,4961607,HPF,SUB_d,SUBd_m
SUBd_sr,4961608,HPF,SUB_d,SUBd_sr
SUBd_sp,4961609,HPF,SUB_d,SUBd_sp
SUBv_m,4961863,HPF,SUB_v,SUBv_m
SUBv_sr,4961864,HPF,SUB_v,SUBv_sr
SUBv_sp,4961865,HPF,SUB_v,SUBv_sp
AON_,5554063,CTX,AON,AON
AON_e,5554064,CTX,AON_e,AON_e
AON_l,5554065,CTX,AON_l,AON_l
AON_d,5554066,CTX,AON_d,AON_d
AON_pv,5554067,CTX,AON_pv,AON_pv
AON_m,5554068,CTX,AON_m,AON_m
AON_1,5554069,CTX,AON,AON
ILA_6b,5878621,CTX,ILA,ILA_d
ILA_6a,5878622,CTX,ILA,ILA_d
ILA_5,5878623,CTX,ILA,ILA_d
ILA_3,5878624,CTX,ILA,ILA_s
ILA_2/3,5878625,CTX,ILA,ILA_s
ILA_2,5878626,CTX,ILA,ILA_s
ILA_1,5878627,CTX,ILA,ILA_s
PRE_3,5880135,HPF,PRE,PRE_3
PRE_2,5880136,HPF,PRE,PRE_2
PRE_1,5880137,HPF,PRE,PRE_1
PAA_3,5888683,CTX,PAA,PAA_d
PAA_2,5888684,CTX,PAA,PAA_s
PAA_1,5888685,CTX,PAA,PAA_s
COApl_3,6416052,CTX,COApl,COApl_d
COApI_2,6416053,CTX,COApI,COApI_s
COApI_1,6416054,CTX,COApI,COApI_s
COAa_2,6416310,CTX,COAa,COAa_s
COAa_1,6416311,CTX,COAa,COAa_s
COApm_3,6416564,CTX,COApm,COApm_d
COApm_2,6416565,CTX,COApm,COApm_s
COApm_1,6416566,CTX,COApm,COApm_s
TTv_3,6475677,CTX,TTv,Ttv_d
TTv_2,6475678,CTX,TTv,TTv_s
TTv_1,6475679,CTX,TTv,TTv_s
TTd_4,6475932,CTX,TTd,TTd_d
TTd_3,6475933,CTX,TTd,Ttd_d
TTd_2,6475934,CTX,TTd,TTd_s
TTd_1,6475935,CTX,TTd,TTd_s
PIR_3,6998968,CTX,PIR,PIR_d
PIR_2,6998969,CTX,PIR,PIR_s
PIR_1,6998970,CTX,PIR,PIR_s
PAR_3,7525735,HPF,PAR,PAR_3
PAR_2,7525736,HPF,PAR,PAR_2
PAR_1,7525737,HPF,PAR,PAR_1
IG,8310859,HPF,IG,IG
DG_mo,8311115,HPF,DG,DG_mo
DG_sg,8311116,HPF,DG,DG_sg
DG_po,8311117,HPF,DG,DG_po
CA3_so,8311371,HPF,CA3,CA3_so
CA3_sp,8311372,HPF,CA3,CA3_sp
CA3_slu,8311373,HPF,CA3,CA3_slu
CA3_sr,8311374,HPF,CA3,CA3_sr
CA3_slm,8311375,HPF,CA3,CA3_slm
CA2_so,8311627,HPF,CA2,CA2_so
CA2_sp,8311628,HPF,CA2,CA2_sp
CA2_sr,8311629,HPF,CA2,CA2_sr
CA2_slm,8311630,HPF,CA2,CA2_slm
CA1_so,8311883,HPF,CA1,CA1_so
CA1_sp,8311884,HPF,CA1,CA1_sp
CA1_sr,8311885,HPF,CA1,CA1_sr
CA1_slm,8311886,HPF,CA1,CA1_slm
FC,8312139,HPF,FC,FC
sAMY,8437975,AMY,sAMY,sAMY
MEA_pd_a,8437976,AMY,MEA,MEA_pd_a
MEA_pd_b,8437977,AMY,MEA,MEA_pd_b
MEA_pd_c,8437978,AMY,MEA,MEA_pd_c
MEA_av,8437979,AMY,MEA,MEA_av
MEA_ad,8437980,AMY,MEA,MEA_ad
MEA_pv,8437981,AMY,MEA,MEA_pv
BORDER10,8437986,BORDER,BORDER10,BORDER10
CEA_l,8438238,AMY,CEA,CEA_l
CEA_m,8438239,AMY,CEA,CEA_m
CEA_c,8438240,AMY,CEA,CEA_c
IA,8438497,AMY,IA,IA
AAA,8438753,AMY,AAA,AAA
BA,8439009,AMY,BA,BA
isl,8441081,WHITE_MATTER,isl,isl
islm,8441082,WHITE_MATTER,islm,islm
OT_3,8441334,CTX,OT,OT_d
OT_2,8441335,CTX,OT,OT_s
OT_1,8441336,CTX,OT,OT_s
FS,8441592,STR,FS,FS
ACB,8446456,STR,ACB,ACB
MOB,8570795,CTX,MOB,MOB
MOB_gr,8570796,CTX,MOB_gr,MOB_gr
MOB_mi,8570797,CTX,MOB_mi,MOB_mi
MOB_gl,8570798,CTX,MOB_gl,MOB_gl
MOB_opl,8570799,CTX,MOB_opl,MOB_opl
MOB_ipl,8570800,CTX,MOB_ipl,MOB_ipl
BMA_p,8710784,AMY,BMA_p,BMA_p
BMA_a,8710785,AMY,BMA_a,BMA_a
Gpi,8755659,STR,Gpi,Gpi
Gpe,8755660,STR,Gpe,Gpe
CLA,9099911,CTX,CLA,CLA
SH,9489388,STR,SH,SH
SI,9489389,STR,SI,SI
SF,9489390,STR,SF,SF
LS_r,9489645,STR,LS_r,LS_r
LS_c,9489646,STR,LS_c,LS_c
LS_v,9489647,STR,LS_v,LS_v
NLOT_3,9823432,CTX,NLOT,NLOT_d
NLOT_2,9823433,CTX,NLOT,NLOT_s
NLOT_1,9823434,CTX,NLOT,NLOT_s
TRS,9873106,STR,TRS,TRS
NDB,9873363,STR,NDB,NDB
MS,9873619,STR,MS,MS
PA,9956499,AMY,PA,PA
CP,10016505,STR,CP,CP
border9,10146493,BORDER,border9,border9
BLA_a,10348444,AMY,BLA,BLA_a
BLA_p,10348445,AMY,BLA,BLA_p
BLA_v,10348446,AMY,BLA,BLA_v
LA,10348700,AMY,LA,LA
AOB_gr,10350799,CTX,AOB_gr,AOB_gr
AOB_mi,10350800,CTX,AOB_mi,AOB_mi
AOB_gl,10350801,CTX,AOB_gl,AOB_gl
AOB,10350802,CTX,AOB,AOB
Ep_v,10546844,CTX,Ep_v,Ep_v
EP_d,10546845,CTX,EP_d,EP_d
MA,10662360,STR,MA,MA
DP_6a,10803873,CTX,DP,DP_d
DP_5,10803874,CTX,DP,DP_d
DP_2/3,10803875,CTX,DP,DP_s
DP_1,10803876,CTX,DP,DP_s
TR_3,11070673,CTX,TR,TR_d
TR_2,11070674,CTX,TR,TR_s
TR_1,11070675,CTX,TR,TR_s
VL,11184809,VENTRICLE,VL,VL
rc/sez,11184810,VENTRICLE,rc/sez,rc/sez
V3,11184811,VENTRICLE,V3,V3
SFO/V3,11184812,VENTRICLE,SFO/V3,SFO/V3
AQ,11184813,VENTRICLE,AQ,AQ
V4,11184814,VENTRICLE,V4,V4
V4r,11184815,VENTRICLE,V4r,V4r
central_canal,11184816,VENTRICLE,central_canal,central_canal
BORDER1,11599800,BORDER,BORDER1,BORDER1
BST_dm,11780054,STR,BST,BST_dm
BST_rh,11780055,STR,BST,BST_rh
BST_d,11780056,STR,BST,BST_d
BST_mg,11780057,STR,BST,BST_mg
BST_v,11780058,STR,BST,BST_v
BST_tr,11780059,STR,BST,BST_tr
BST_if,11780060,STR,BST,BST_if
BST_se,11780061,STR,BST,BST_se
BST_pr,11780062,STR,BST,BST_pr
BST_AL,11780063,STR,BST,BST_AL
BST_AM,11780064,STR,BST,BST_AM
BST_fu,11780065,STR,BST,BST_fu
BST_ju,11780066,STR,BST,BST_ju
BST_OV,11780067,STR,BST,BST_OV
BST_BAC,11780323,STR,BST,BST_BAC
BORDER0,12573411,BORDER,BORDER0,BORDER0
amc,13224393,WHITE_MATTER,amc,amc
mtg,13421674,WHITE_MATTER,mtg,mtg
mlf/ml,13421675,WHITE_MATTER,mlf/ml,mlf/ml
sctv/sptV/rust/icp,13421676,WHITE_MATTER,sctv/sptV/rust/icp,sctv/sptV/rust/icp
ts,13421677,WHITE_MATTER,ts,ts
sctv/sptV/rust,13421678,WHITE_MATTER,sctv/sptV/rust,sctv/sptV/rust
arb/cbc,13421679,WHITE_MATTER,arb/cbc,arb/cbc
icp,13421680,WHITE_MATTER,icp,icp
tb/sctv/sptV/rust/vVlln/icp/arb,13421681,WHITE_MATTER,tb/sctv/sptV/rust/vVlln/icp/arb,tb/sctv/sptV/rust/vVlln/icp/arb
py,13421682,WHITE_MATTER,py,py
gVLLn,13421683,WHITE_MATTER,gVLLn,gVLLn
tb/sctv/sptV/rust/vVllln,13421684,WHITE_MATTER,tb/sctv/sptV/rust/vVllln,tb/sctv/sptV/rust/vVllln
VIIIn,13421685,WHITE_MATTER,VIIIn,VIIIn
arbc/icp,13421686,WHITE_MATTER,arbc/icp,arbc/icp
tb/sctv/sptV/rust/vlln,13421687,WHITE_MATTER,tb/sctv/sptV/rust/vlln,tb/sctv/sptV/rust/vlln
ml/py,13421688,WHITE_MATTER,ml/py,ml/py
Vlln,13421689,WHITE_MATTER,Vlln,Vlln
py/tb/sctv/sptV/rust/Vlln,13421690,WHITE_MATTER,py/tb/sctv/sptV/rust/Vlln,py/tb/sctv/sptV/rust/Vlln
arb,13421691,WHITE_MATTER,arb,arb
py/tb/ml/sctv/sptV/vn/grf,13421692,WHITE_MATTER,py/tb/ml/sctv/sptV/vn/grf,py/tb/ml/sctv/sptV/vn/grf
sctv,13421693,WHITE_MATTER,sctv,sctv
sctv/ii,13421694,WHITE_MATTER,sctv/ii,sctv/ii
mtv,13421695,WHITE_MATTER,mtv,mtv
cic,13421696,WHITE_MATTER,cic,cic
py/tb/ml/sctv/sptV/rust/vn,13421697,WHITE_MATTER,py/tb/ml/sctv/sptV/rust/vn,py/tb/ml/sctv/sptV/rust/vn
mcp/sptV/tb/vn/rust,13421698,WHITE_MATTER,mcp/sptV/tb/vn/rust,mcp/sptV/tb/vn/rust
sctv/mcp/sptV/tb/vn/rust,13421699,WHITE_MATTER,sctv/mcp/sptV/tb/vn/rust,sctv/mcp/sptV/tb/vn/rust
sctv/ml/tb/py,13421700,WHITE_MATTER,sctv/ml/tb/py,sctv/ml/tb/py
scp,13421701,WHITE_MATTER,scp,scp
sctv/rust/ii,13421702,WHITE_MATTER,sctv/rust/ii,sctv/rust/ii
moV,13421703,WHITE_MATTER,moV,moV
sptV/tb/vn/mcp,13421704,WHITE_MATTER,sptV/tb/vn/mcp,sptV/tb/vn/mcp
rust/ii,13421705,WHITE_MATTER,rust/ii,rust/ii
py/tb/ml,13421706,WHITE_MATTER,py/tb/ml,py/tb/ml
rust/ii/tb/ml/py,13421707,WHITE_MATTER,rust/ii/tb/ml/py,rust/ii/tb/ml/py
mcp/vn,13421708,WHITE_MATTER,mcp/vn,mcp/vn
ll,13421709,WHITE_MATTER,ll,ll
dhc,13421710,WHITE_MATTER,dhc,dhc
mcp/tb/ml/py/vn/rust/ii,13421711,WHITE_MATTER,mcp/tb/ml/py/vn/rust/ii,mcp/tb/ml/py/vn/rust/ii
dscp/scp,13421712,WHITE_MATTER,dscp/scp,dscp/scp
dhc/ec,13421713,WHITE_MATTER,dhc/ec,dhc/ec
mcp/vn/rust/ii/py/ml,13421714,WHITE_MATTER,mcp/vn/rust/ii/py/ml,mcp/vn/rust/ii/py/ml
mcp/ii,13421715,WHITE_MATTER,mcp/ii,mcp/ii
mcp/cst/ml/ii,13421716,WHITE_MATTER,mcp/cst/ml/ii,mcp/cst/ml/ii
dhc/ec/alv,13421717,WHITE_MATTER,dhc/ec/alv,dhc/ec/alv
dscp,13421718,WHITE_MATTER,dscp,dscp
cst/ml,13421719,WHITE_MATTER,cst/ml,cst/ml
mcp/cpd/rust/ii,13421720,WHITE_MATTER,mcp/cpd/rust/ii,mcp/cpd/rust/ii
scp/dtd/mlf,13421721,WHITE_MATTER,scp/dtd/mlf,scp/dtd/mlf
tsp,13421722,WHITE_MATTER,tsp,tsp
mcp/cst/ml/cpd/rust/bic,13421723,WHITE_MATTER,mcp/cst/ml/cpd/rust/bic,mcp/cst/ml/cpd/rust/bic
scp/tsp/dtd,13421724,WHITE_MATTER,scp/tsp/dtd,scp/tsp/dtd
rust,13421725,WHITE_MATTER,rust,rust
mcp/cst/ml/cpd,13421726,WHITE_MATTER,mcp/cst/ml/cpd,mcp/cst/ml/cpd
rust/scp/vtd/dtd/tsp,13421727,WHITE_MATTER,rust/scp/vtd/dtd/tsp,rust/scp/vtd/dtd/tsp
bic,13421728,WHITE_MATTER,bic,bic
vtd/rust,13421729,WHITE_MATTER,vtd/rust,vtd/rust
alv,13421730,WHITE_MATTER,alv,alv
fp/dhc/ec,13421731,WHITE_MATTER,fp/dhc/ec,fp/dhc/ec
vtd,13421732,WHITE_MATTER,vtd,vtd
mcp,13421733,WHITE_MATTER,mcp,mcp
dhc/alv,13421734,WHITE_MATTER,dhc/alv,dhc/alv
fp/ec,13421735,WHITE_MATTER,fp/ec,fp/ec
mlf,13421736,WHITE_MATTER,mlf,mlf
fr/mp,13421737,WHITE_MATTER,fr/mp,fr/mp
rust/ml,13421738,WHITE_MATTER,rust/ml,rust/ml
bsc/opt/cpd,13421739,WHITE_MATTER,bsc/opt/cpd,bsc/opt/cpd
bsc/opt/cpd/mp,13421740,WHITE_MATTER,bsc/opt/cpd/mp,bsc/opt/cpd/mp
csc,13421742,WHITE_MATTER,csc,csc
fp/dhc/alv/ec,13421743,WHITE_MATTER,fp/dhc/alv/ec,fp/dhc/alv/ec
mp,13421744,WHITE_MATTER,mp,mp
cpd,13421745,WHITE_MATTER,cpd,cpd
bsc/opt,13421746,WHITE_MATTER,bsc/opt,bsc/opt
ccs/cing/alv/dhc/ec/alv/st,13421747,WHITE_MATTER,ccs/cing/alv/dhc/ec/alv/st,ccs/cing/alv/dhc/ec/alv/st
pm,13421748,WHITE_MATTER,pm,pm
smd,13421749,WHITE_MATTER,smd,smd
bsc/opt/cpt,13421750,WHITE_MATTER,bsc/opt/cpt,bsc/opt/cpt
ccg/cing/fi/alv/dhc/int/ec,13421751,WHITE_MATTER,ccg/cing/fi/alv/dhc/int/ec,ccg/cing/fi/alv/dhc/int/ec
hsc,13421752,WHITE_MATTER,hsc,hsc
pc,13421753,WHITE_MATTER,pc,pc
ccg/cing/fi/alv/df/dhc/int/ec/amc,13421754,WHITE_MATTER,ccg/cing/fi/alv/df/dhc/int/ec/amc,ccg/cing/fi/alv/df/dhc/int/ec/amc
bsc,13421755,WHITE_MATTER,bsc,bsc
ccg/cing/fi/alv/df/int/ec/amc,13421756,WHITE_MATTER,ccg/cing/fi/alv/df/int/ec/amc,ccg/cing/fi/alv/df/int/ec/amc
cpd/opt/st,13421757,WHITE_MATTER,cpd/opt/st,cpd/opt/st
ml/em,13421758,WHITE_MATTER,ml/em,ml/em
hbc,13421759,WHITE_MATTER,hbc,hbc
ccg/cing/fi/alv/df/int/st/cpd/opt/ec/amc,13421760,WHITE_MATTER,ccg/cing/fi/alv/df/int/st/cpd/opt/ec/amc,ccg/cing/fi/alv/df/int/st/cpd/opt/ec/amc
ml,13421761,WHITE_MATTER,ml,ml
im,13421762,WHITE_MATTER,im,im
cpd/opt,13421763,WHITE_MATTER,cpd/opt,cpd/opt
fr,13421764,WHITE_MATTER,fr,fr
em,13421765,WHITE_MATTER,em,em
ccg/cing/fi/alv/df/ec/amc,13421766,WHITE_MATTER,ccg/cing/fi/alv/df/ec/amc,ccg/cing/fi/alv/df/ec/amc
ccg/cing/fi/vhc/df/ec/amc,13421767,WHITE_MATTER,ccg/cing/fi/vhc/df/ec/amc,ccg/cing/fi/vhc/df/ec/amc
mtt,13421768,WHITE_MATTER,mtt,mtt
ccg/cing/fi/vhc/df/ec,13421769,WHITE_MATTER,ccg/cing/fi/vhc/df/ec,ccg/cing/fi/vhc/df/ec
ccg/cing/df,13421770,WHITE_MATTER,ccg/cing/df,ccg/cing/df
fi/vhc,13421771,WHITE_MATTER,fi/vhc,fi/vhc
onl,13421772,WHITE_MATTER,onl,onl
aco/lotd,13421773,WHITE_MATTER,aco/lotd,aco/lotd
lot,13421774,WHITE_MATTER,lot,lot
aco,13421775,WHITE_MATTER,aco,aco
von,13421776,WHITE_MATTER,von,von
fa,13421777,WHITE_MATTER,fa,fa
fa/cing,13421778,WHITE_MATTER,fa/cing,fa/cing
ccg/cing,13421779,WHITE_MATTER,ccg/cing,ccg/cing
och,13421780,WHITE_MATTER,och,och
int,13421781,WHITE_MATTER,int,int
fx,13421782,WHITE_MATTER,fx,fx
act,13421783,WHITE_MATTER,act,act
aco/act,13421784,WHITE_MATTER,aco/act,aco/act
st,13421785,WHITE_MATTER,st,st
ect,13421786,WHITE_MATTER,ect,ect
fi,13421787,WHITE_MATTER,fi,fi
vhc,13421788,WHITE_MATTER,vhc,vhc
ccg/cing/fi/vhc/df,13421789,WHITE_MATTER,ccg/cing/fi/vhc/df,ccg/cing/fi/vhc/df
sm,13421790,WHITE_MATTER,sm,sm
ccg/fi/cing,13421791,WHITE_MATTER,ccg/fi/cing,ccg/fi/cing
df,13421792,WHITE_MATTER,df,df
opt,13421793,WHITE_MATTER,opt,opt
BORDER3,15090744,BORDER,BORDER3,BORDER3
BORDER4,15790208,BORDER,BORDER4,BORDER4
NC,15879483,HY,NC,NC
PVR_pd,15879739,HY,PVR_pd,PVR_pd
ME,15879995,HY,ME,ME
SUM_m,15880251,HY,SUM,SUM_m
SUM_l,15880252,HY,SUM,SUM_l
PM_d,15880507,HY,PM,PM_d
PM_v,15880508,HY,PM,PM_v
VMH_vl,15880763,HY,VMH,VMH_vl
VMH_c,15880764,HY,VMH,VMH_c
VMH_dm,15880765,HY,VMH,VMH_dm
VMH_a,15880766,HY,VMH,VMH_a
DMH_a,15881019,HY,DMH,DMH_a
DMH_p,15881020,HY,DMH,DMH_p
DMH_v,15881021,HY,DMH,DMH_v
PVH_f,15881275,HY,PVH,PVH_f
PVH_mpv,15881276,HY,PVH,PVH_mpv
PVH_pv,15881277,HY,PVH,PVH_pv
PVH_ap,15881278,HY,PVH,PVH_ap
PVH_mpd,15881279,HY,PVH,PVH_mpd
PVH_mm,15881280,HY,PVH,PVH_mm
PVH_pml,15881281,HY,PVH,PVH_pml
PVH_a,15881282,HY,PVH,PVH_a
PVH_pmm,15881283,HY,PVH,PVH_pmm
PVH_lp,15881284,HY,PVH,PVH_lp
PVH_dp,15881285,HY,PVH,PVH_dp
PV_a,15881531,HY,PV,PV_a
PV_i,15881532,HY,PV,PV_i
PV_po,15881533,HY,PV,PV_po
PV_p,15881534,HY,PV,PV_p
ARH,15881787,HY,ARH,ARH
TU,15882043,HY,TU,TU
A13,15882299,HY,A13,A13
ADH_p,15882555,HY,ADH_p,ADH_p
SBPV,15882811,HY,SBPV,SBPV
SO,15883067,HY,SO,SO
SCH,15883323,HY,SCH,SCH
RCH,15883579,HY,RCH,RCH
AHN_a,15883835,HY,AHN,AHN_a
AHN_c,15883836,HY,AHN,AHN_c
AHN_p,15883837,HY,AHN,AHN_p
ZI,15884091,HY,ZI,ZI
ZI_A13,15884092,HY,ZI,ZI_A13
ZI_FF,15884093,HY,ZI,ZI_FF
LHA,15884347,HY,LHA,LHA
OV,15884603,HY,OV,OV
MEPO,15884859,HY,MEPO,MEPO
MPO,15885115,HY,MPO,MPO
LPO,15885371,HY,LPO,LPO
PH,15885627,HY,PH,PH
STN,15885883,HY,STN,STN
PST,15886139,HY,PST,PST
PSTN,15886395,HY,PSTN,PSTN
TM_d,15886651,HY,TM,TM_d
TM_v,15886652,HY,TM,TM_v
LM,15886907,HY,LM,LM
MM,15887163,HY,MM,MM
MM_me,15887164,HY,MM_me,MM_me
VLPO,15887419,HY,VLPO,VLPO
AVP,15887675,HY,AVP,AVP
AVPV,15887931,HY,AVPV,AVPV
MPN,15888187,HY,MPN,MPN
MPN_l,15888188,HY,MPN,MPN_l
MPN_c,15888189,HY,MPN,MPN_c
MPN_m,15888190,HY,MPN,MPN_m
PS,15888443,HY,PS,PS
ADP,15888699,HY,ADP,ADP
SFO,15888955,HY,SFO,SFO
HY,15889211,HY,HY,HY
MB,16676607,MB,MB,MB
ND,16676863,STR,ND,ND
NOT,16677119,MB,NOT,NOT
Scig_b,16677375,MB,Scig_b,Scig_b
MEV,16677631,MB,MEV,MEV
VTN,16677887,MB,VTN,VTN
CUN,16678143,MB,CUN,CUN
DR,16678399,MB,DR,DR
IV,16678655,MB,IV,IV
IC_e,16678909,MB,IC_e,IC_e
IC_d,16678910,MB,IC_d,IC_d
IC_c,16678911,MB,IC_c,IC_c
SAG,16679167,MB,SAG,SAG
PBG,16679423,MB,PBG,PBG
LT,16679679,MB,LT,LT
IF,16679935,MB,IF,IF
SCs_zo,16680189,MB,SCs,SCs_zo
SCs_sg,16680190,MB,SCs,SCs_sg
SCs_op,16680191,MB,SCs,SCs_op
SCm_dw,16680441,MB,SCm,SCm_dw
SCm_ig,16680442,MB,SCm,SCm_ig
SCM_ig-c,16680443,MB,SCm,SCM_ig-c
SCM_ig-b,16680444,MB,SCm,SCM_ig-b
SCM_ig-a,16680445,MB,SCm,SCM_ig-a
SCm_iw,16680446,MB,SCm,SCm_iw
SCm_dg,16680447,MB,SCm,SCm_dg
IPN,16680703,MB,IPN,IPN
INC,16680959,MB,INC,INC
AT,16681215,MB,AT,AT
NB,16681471,MB,NB,NB
CLI,16681727,MB,CLI,CLI
III,16681983,MB,III,III
EW,16682239,MB,EW,EW
RL,16682495,MB,RL,RL
RN,16682751,MB,RN,RN
RR,16683007,MB,RR,RR
SN_c,16683262,MB,SN_c,SN_c
SN_r,16683263,MB,SN_r,SN_r
VTA,16683519,MB,VTA,VTA
MRN,16683775,MB,MRN,MRN
PAG,16684031,MB,PAG,PAG
NPC,16684287,MB,NPC,NPC
APN,16684543,MB,APN,APN
OP,16684799,MB,OP,OP
PPT,16685055,MB,PPT,PPT
MPT,16685311,MB,MPT,MPT
PPN,16685567,MB,PPN,PPN
PRC,16685823,TH,PRC,PRC
BORDER5,16737535,BORDER,BORDER5,BORDER5
BORDER2,16740480,BORDER,BORDER2,BORDER2
MG_v,16743583,TH,MG_v,MG_v
MG_m,16743584,TH,MG_m,MG_m
MG_d,16743585,TH,MG_d,MG_d
POL,16743839,TH,POL,POL
PP,16744095,TH,PP,PP
LG_v,16744351,TH,LG_v,LG_v
LG_d,16744352,TH,LG_d,LG_d
IGL,16744353,TH,IGL,IGL
PF,16744607,TH,PF,PF
SPA,16744863,TH,SPA,SPA
SPF_m,16745119,TH,SPF_m,SPF_m
SPF_p,16745120,TH,SPF_p,SPF_p
LP,16745375,TH,LP,LP
PO,16745631,TH,PO,PO
MY,16745682,HB,MY,MY
VPM,16745887,TH,VPM,VPM
VPM_pc,16745888,TH,VPM_pc,VPM_pc
GR,16745938,HB,GR,GR
PCN,16746143,TH,PCN,PCN
DMX,16746194,HB,DMX,DMX
CL,16746399,TH,CL,CL
CU,16746450,HB,CU,CU
PR,16746655,TH,PR,PR
LRN_p,16746706,HB,LRN_p,LRN_p
LRN_m,16746707,HB,LRN_m,LRN_m
VPL,16746911,TH,VPL,VPL
VPL_pc,16746912,TH,VPL_pc,VPL_pc
NR,16746962,HB,NR,NR
SMT,16747167,TH,SMT,SMT
XII,16747218,HB,XII,XII
VM,16747423,TH,VM,VM
ECU,16747474,HB,ECU,ECU
LD,16747679,TH,LD,LD
SPV_i,16747730,HB,SPV_i,SPV_i
SPV_c,16747731,HB,SPV_c,SPV_c
LH,16747935,TH,LH,LH
SPIV,16747986,HB,SPIV,SPIV
MH,16748191,TH,MH,MH
X,16748242,HB,X,X
IMD,16748447,TH,IMD,IMD
Y,16748498,HB,Y,Y
RT,16748703,TH,RT,RT
DCO,16748754,HB,DCO,DCO
AV,16748959,TH,AV,AV
SPVO_rdm,16749010,HB,SPVO,SPVO_rdm
SPVO_vl,16749011,HB,SPVO,SPVO_vl
SPVO_cdm,16749012,HB,SPVO,SPVO_cdm
SPVO_mdmv,16749013,HB,SPVO,SPVO_mdmv
SPVO_mdmd,16749014,HB,SPVO,SPVO_mdmd
AD,16749215,TH,AD,AD
PPY,16749266,HB,PPY,PPY
AM_d,16749471,TH,AM_d,AM_d
AM_v,16749472,TH,AM_v,AM_v
PGRN_l,16749522,HB,PGRN_l,PGRN_l
PGRN_d,16749523,HB,PGRN_d,PGRN_d
VAL,16749727,TH,VAL,VAL
PRP,16749778,HB,PRP,PRP
IAD,16749983,TH,IAD,IAD
CNlam,16750034,HB,CNlam,CNlam
CNspg,16750035,HB,CNspg,CNspg
RE,16750239,TH,RE,RE
LAV,16750290,HB,LAV,LAV
RH,16750495,TH,RH,RH
ACVII,16750546,HB,ACVII,ACVII
IAM,16750751,TH,IAM,IAM
SUV,16750802,HB,SUV,SUV
CM,16751007,TH,CM,CM
PT,16751263,TH,PT,PT
MV,16751314,HB,MV,MV
border7,16751496,BORDER,border7,border7
PVT,16751519,TH,PVT,PVT
border8,16751565,BORDER,border8,border8
PARN,16751570,HB,PARN,PARN
MD_I,16751775,TH,MD_I,MD_I
MD_m,16751776,TH,MD_m,MD_m
MD_c,16751777,TH,MD_c,MD_c
ISN,16751826,HB,ISN,ISN
SubG,16752031,TH,SubG,SubG
IRN,16752082,HB,IRN,IRN
SGN,16752287,TH,SGN,SGN
GRN,16752338,HB,GRN,GRN
RPA,16752594,HB,RPA,RPA
MARN,16752850,HB,MARN,MARN
VII,16753106,HB,VII,VII
VI,16753362,HB,VI,VI
VCO,16753618,HB,VCO,VCO
RM,16753874,HB,RM,RM
NTB,16754130,HB,NTB,NTB
PONS,16754310,HB,PONS,PONS
NTS_m,16754386,HB,NTS_m,NTS_m
NTS_l,16754387,HB,NTS_l,NTS_l
NTS_ge,16754388,HB,NTS_ge,NTS_ge
NTS_ce,16754389,HB,NTS_ce,NTS_ce
NTS_co,16754390,HB,NTS_co,NTS_co
NI,16754566,HB,NI,NI
AMB_v,16754642,HB,AMB_v,AMB_v
AMB_d,16754643,HB,AMB_d,AMB_d
AMB,16754644,HB,AMB,AMB
SG,16754822,HB,SG,SG
IO,16754898,HB,IO,IO
LC,16755078,HB,LC,LC
RO,16755154,HB,RO,RO
B,16755334,HB,B,B
LIN,16755410,HB,LIN,LIN
PCG,16755590,HB,PCG,PCG
MDRN_v,16755666,HB,MDRN_v,MDRN_v
MDRN_d,16755667,HB,MDRN_d,MDRN_d
SLD,16755846,HB,SLD,SLD
PAS,16755922,HB,PAS,PAS
DTN,16756102,HB,DTN,DTN
AP,16756178,HB,AP,AP
LDT,16756358,HB,LDT,LDT
ICB,16756434,HB,ICB,ICB
PBm_m,16756614,HB,PBm_m,PBm_m
PBm_me,16756615,HB,PBm_me,PBm_me
PBl_lv,16756870,HB,PBl_lv,PBl_lv
PBl_le,16756871,HB,PBl_le,PBl_le
PBl_ld,16756872,HB,PBl_ld,PBl_ld
PBl_lc,16756873,HB,PBl_lc,PBl_lc
PBl_ls,16756874,HB,PBl_ls,PBl_ls
SUT,16757126,HB,SUT,SUT
SLC,16757382,HB,SLC,SLC
RPO,16757638,HB,RPO,RPO
SOC_l,16757894,HB,SOC_l,SOC_l
SOC_m,16757895,HB,SOC_m,SOC_m
V,16758150,HB,V,V
KF,16758406,HB,KF,KF
PSV,16758662,HB,PSV,PSV
POR,16758918,HB,POR,POR
NLL_v,16759174,HB,NLL_v,NLL_v
NLL_d,16759175,HB,NLL_d,NLL_d
NLL_h,16759176,HB,NLL_h,NLL_h
PG,16759430,HB,PG,PG
TRN,16759686,HB,TRN,TRN
PRNr,16759942,HB,PRNr,PRNr
PRNc,16759943,HB,PRNc,PRNc
CS_m,16760198,HB,CS_m,CS_m
CS_l,16760199,HB,CS_l,CS_l
FOTU_mo,16772241,HB,FOTU_mo,FOTU_mo
FOTU_gr,16772242,HB,FOTU_gr,FOTU_gr
PYR_mo,16772497,HB,PYR_mo,PYR_mo
PYR_gr,16772498,HB,PYR_gr,PYR_gr
DEC_mo,16772753,HB,DEC_mo,DEC_mo
DEC_gr,16772754,HB,DEC_gr,DEC_gr
UVU_mo,16773009,HB,UVU_mo,UVU_mo
UVU_gr,16773010,HB,UVU_gr,UVU_gr
COPY_mo,16773265,HB,COPY_mo,COPY_mo
COPY_gr,16773266,HB,COPY_gr,COPY_gr
PRM_mo,16773521,HB,PRM_mo,PRM_mo
PRM_gr,16773522,HB,PRM_gr,PRM_gr
NOD_mo,16773777,HB,NOD_mo,NOD_mo
NOD_gr,16773778,HB,NOD_gr,NOD_gr
LING_mo,16774033,HB,LING_mo,LING_mo
LING_gr,16774034,HB,LING_gr,LING_gr
ANCr2_mo,16774289,HB,ANCr2_mo,ANCr2_mo
ANcr2_gr,16774290,HB,ANcr2_gr,ANcr2_gr
ANcr1_mo,16774545,HB,ANcr1_mo,ANcr1_mo
ANcr1_gr,16774546,HB,ANcr1_gr,ANcr1_gr
CENT3_mo,16774801,HB,CENT3_mo,CENT3_mo
CENT3_gr,16774802,HB,CENT3_gr,CENT3_gr
CUL4/5_mo,16775057,HB,CUL4/5_mo,CUL4/5_mo
CUL4/5_gr,16775058,HB,CUL4/5_gr,CUL4/5_gr
SIM_mo,16775313,HB,SIM_mo,SIM_mo
SIM_gr,16775314,HB,SIM_gr,SIM_gr
CENT2_mo,16775569,HB,CENT2_mo,CENT2_mo
CENT2_gr,16775570,HB,CENT2_gr,CENT2_gr
FL_mo,16775825,HB,FL_mo,FL_mo
FL_gr,16775826,HB,FL_gr,FL_gr
PFL_mo,16776081,HB,PFL_mo,PFL_mo
PFL_gr,16776082,HB,PFL_gr,PFL_gr
CUL_mo,16776337,HB,CUL_mo,CUL_mo
IP,16776593,HB,IP,IP
DN,16776849,HB,DN,DN
FN,16777105,HB,FN,FN
BORDER6,16777215,BORDER,BORDER6,BORDER6
